{
    "mm": {
        "m": 0.001,
        "cm": 0.1,
        "in": 0.03937,
        "ft": 0.00328
    },
    "yd": {
        "m": 0.9144,
        "cm": 91.44,
        "in": 36,
        "ft": 3,
        "mm": 914.4
    }
}
